Country,Continent,Year,TotalPopulation,CO2_Emission,TotalEnergy_Consumption
Belgium,Europe,1990,9967379,106.51,48
Czech Republic,Europe,1990,10333355,147.4,50
France,Europe,1990,58235697,365.41,225
Germany,Europe,1990,79433029,952.76,351
Italy,Europe,1990,56719240,397.79,147
Netherlands,Europe,1990,14951510,163.32,67
Poland,Europe,1990,38110782,355.72,103
Portugal,Europe,1990,9983218,39.79,17
Romania,Europe,1990,23201835,162.99,62
Spain,Europe,1990,38867322,205.49,90
Sweden,Europe,1990,8558835,52.55,47
United Kingdom,Europe,1990,57247586,556.16,206
Norway,Europe,1990,4241473,27.88,21
Turkey,Asia,1990,53921760,132.53,51
Kazakhstan,Asia,1990,16348000,236.28,73
Russia,Asia,1990,147969407,2188.84,879
Ukraine,Europe,1990,51891400,690.16,252
Uzbekistan,Asia,1990,20510000,116.34,46
Canada,North America,1990,27691138,429.73,211
United States,North America,1990,249623000,4866.01,1910
Argentina,South America,1990,32618651,101.13,46
Brazil,South America,1990,149003223,193.76,141
Chile,South America,1990,13274623,30.95,14
Colombia,South America,1990,33102569,46.08,24
Mexico,North America,1990,83943132,264.11,124
Venezuela,South America,1990,19632665,93.58,40
China,Asia,1990,1135185000,2256.67,874
India,Asia,1990,873277798,522.75,306
Indonesia,Asia,1990,181413402,147.8,99
Japan,Asia,1990,123537000,1040.21,440
Malaysia,Asia,1990,18029824,50.74,21
South Korea,Asia,1990,20293054,243.5,94
Taiwan,Asia,1990,20478520,115.16,48
Thailand,Asia,1990,56558186,80.92,42
Australia,Oceania,1990,17065100,261.38,86
New Zealand,Oceania,1990,3329800,21.62,14
Algeria,Africa,1990,25758869,52.97,22
Egypt,Africa,1990,56134475,78.4,32
Nigeria,Africa,1990,95212450,28.32,66
South Africa,Africa,1990,36800507,251.94,90
Iran,Asia,1990,56366217,181.23,69
Kuwait,Asia,1990,2095344,28.07,9
Saudi Arabia,Asia,1990,16233785,155.69,58
United Arab Emirates,Asia,1990,1828432,52.15,20
Belgium,Europe,1991,10004486,111.21,50
Czech Republic,Europe,1991,10308578,135.91,45
France,Europe,1991,58559311,392.65,237
Germany,Europe,1991,80013896,936.15,344
Italy,Europe,1991,56758521,398.52,150
Netherlands,Europe,1991,15069798,170.36,69
Poland,Europe,1991,38246193,353.98,101
Portugal,Europe,1991,9960235,41.29,17
Romania,Europe,1991,23001155,135.51,51
Spain,Europe,1991,38966376,214.24,93
Sweden,Europe,1991,8617375,52.78,49
United Kingdom,Europe,1991,57424897,564.06,213
Norway,Europe,1991,4261732,26.38,22
Turkey,Asia,1991,54840590,134.16,51
Kazakhstan,Asia,1991,16451711,243.08,75
Russia,Asia,1991,148394216,2189.61,871
Ukraine,Europe,1991,52000500,654.79,252
Uzbekistan,Asia,1991,20952000,120.21,48
Canada,North America,1991,28037420,422.77,210
United States,North America,1991,252981000,4813.23,1925
Argentina,South America,1991,33079000,105.64,47
Brazil,South America,1991,151648011,198.99,143
Chile,South America,1991,13495258,29.47,14
Colombia,South America,1991,33758328,47.74,24
Mexico,North America,1991,85512623,283.46,130
Venezuela,South America,1991,20096317,93.07,41
China,Asia,1991,1150780000,2371.67,848
India,Asia,1991,891273209,561.95,318
Indonesia,Asia,1991,184591903,160.41,103
Japan,Asia,1991,123921000,1047,445
Malaysia,Asia,1991,18519937,61.25,26
South Korea,Asia,1991,20609150,267.57,101
Taiwan,Asia,1991,20679065,124.3,52
Thailand,Asia,1991,57232465,90.07,46
Australia,Oceania,1991,17284000,262.71,85
New Zealand,Oceania,1991,3495100,22.17,14
Algeria,Africa,1991,26400479,57.14,23
Egypt,Africa,1991,57424549,77.43,32
Nigeria,Africa,1991,97667632,33.59,70
South Africa,Africa,1991,37718952,247.85,92
Iran,Asia,1991,57679034,200.8,77
Kuwait,Asia,1991,2031296,7.82,3
Saudi Arabia,Asia,1991,16772694,162.06,68
United Arab Emirates,Asia,1991,1937153,59.46,23
Belgium,Europe,1992,10045158,109.91,51
Czech Republic,Europe,1992,10319123,129.99,44
France,Europe,1992,58851217,381.53,234
Germany,Europe,1992,80624598,895.78,338
Italy,Europe,1992,56797087,397.92,149
Netherlands,Europe,1992,15184166,168.57,69
Poland,Europe,1992,38363667,345.34,99
Portugal,Europe,1992,9952494,45.15,18
Romania,Europe,1992,22794284,127.1,46
Spain,Europe,1992,39157685,224.57,95
Sweden,Europe,1992,8668067,53.29,47
United Kingdom,Europe,1992,57580402,557.58,213
Norway,Europe,1992,4286401,29.27,22
Turkey,Asia,1992,55748948,140.1,53
Kazakhstan,Asia,1992,16439095,249.14,79
Russia,Asia,1992,148538197,2016.97,795
Ukraine,Europe,1992,52150400,564.58,220
Uzbekistan,Asia,1992,21449000,112.1,45
Canada,North America,1992,28371264,435.47,216
United States,North America,1992,256514000,4891.13,1964
Argentina,South America,1992,33529326,108.95,50
Brazil,South America,1992,154259380,203.69,145
Chile,South America,1992,13719819,30.61,15
Colombia,South America,1992,34422568,49.56,25
Mexico,North America,1992,87075138,285.67,131
Venezuela,South America,1992,20557683,95.04,46
China,Asia,1992,1164970000,2463.93,877
India,Asia,1992,909307016,593.33,330
Indonesia,Asia,1992,187739786,168.31,108
Japan,Asia,1992,124229000,1058.22,455
Malaysia,Asia,1992,19002656,64.39,29
South Korea,Asia,1992,20937404,290.86,111
Taiwan,Asia,1992,20868148,132.49,54
Thailand,Asia,1992,57811021,98.35,49
Australia,Oceania,1992,17495000,266.7,87
New Zealand,Oceania,1992,3531700,23.71,14
Algeria,Africa,1992,27028326,57.25,24
Egypt,Africa,1992,58666814,80.35,33
Nigeria,Africa,1992,100161710,40.14,72
South Africa,Africa,1992,38672611,244.93,88
Iran,Asia,1992,58780370,218.17,81
Kuwait,Asia,1992,NA,22.5,9
Saudi Arabia,Asia,1992,17282691,176.78,77
United Arab Emirates,Asia,1992,2052891,56.91,22
Belgium,Europe,1993,10084475,108.33,49
Czech Republic,Europe,1993,10329855,130.39,43
France,Europe,1993,59106768,362.7,238
Germany,Europe,1993,81156363,883.96,335
Italy,Europe,1993,56831821,392.45,149
Netherlands,Europe,1993,15290368,173.51,70
Poland,Europe,1993,38461408,345.3,101
Portugal,Europe,1993,9964675,43.86,18
Romania,Europe,1993,22763280,118.48,46
Spain,Europe,1993,39361262,210.73,91
Sweden,Europe,1993,8718561,52.52,46
United Kingdom,Europe,1993,57718614,541.35,215
Norway,Europe,1993,4311991,31.19,24
Turkey,Asia,1993,56653804,145.61,56
Kazakhstan,Asia,1993,16380672,212.45,66
Russia,Asia,1993,148458777,1848.61,751
Ukraine,Europe,1993,52179200,502.57,195
Uzbekistan,Asia,1993,21942000,112.78,47
Canada,North America,1993,28684764,435.14,223
United States,North America,1993,259919000,5014.93,1998
Argentina,South America,1993,33970111,108.25,50
Brazil,South America,1993,156849078,211.1,148
Chile,South America,1993,13944937,32.4,16
Colombia,South America,1993,35091272,52.56,26
Mexico,North America,1993,88625440,291.58,133
Venezuela,South America,1993,21016901,100.6,43
China,Asia,1993,1178440000,2633.38,929
India,Asia,1993,927403860,624.4,338
Indonesia,Asia,1993,190851175,182.99,118
Japan,Asia,1993,124536000,1050.27,458
Malaysia,Asia,1993,19484898,70.17,32
South Korea,Asia,1993,21265834,317.4,125
Taiwan,Asia,1993,21044700,142.03,58
Thailand,Asia,1993,58337773,111.14,51
Australia,Oceania,1993,17667000,270.7,91
New Zealand,Oceania,1993,3572200,23.43,15
Algeria,Africa,1993,27635515,59.19,24
Egypt,Africa,1993,59880658,82.11,34
Nigeria,Africa,1993,102700753,36.64,74
South Africa,Africa,1993,39633754,252.59,94
Iran,Asia,1993,59723764,219.63,87
Kuwait,Asia,1993,NA,28.8,12
Saudi Arabia,Asia,1993,17763298,187.36,80
United Arab Emirates,Asia,1993,2173139,59.99,24
Belgium,Europe,1994,10115603,113.76,52
Czech Republic,Europe,1994,10333587,125.07,41
France,Europe,1994,59327192,356.07,231
Germany,Europe,1994,81438348,869.54,333
Italy,Europe,1994,56843400,387.89,147
Netherlands,Europe,1994,15382838,174.22,70
Poland,Europe,1994,38542652,338.37,96
Portugal,Europe,1994,9991525,45.28,18
Romania,Europe,1994,22730211,113.6,43
Spain,Europe,1994,39549108,219.33,96
Sweden,Europe,1994,8780745,55.3,50
United Kingdom,Europe,1994,57865745,532.9,216
Norway,Europe,1994,4336613,32.7,23
Turkey,Asia,1994,57564204,144,56
Kazakhstan,Asia,1994,16145766,192.19,58
Russia,Asia,1994,148407912,1629.1,657
Ukraine,Europe,1994,51921400,416.1,166
Uzbekistan,Asia,1994,22377000,110.14,47
Canada,North America,1994,29000663,451.6,231
United States,North America,1994,263126000,5095.36,2036
Argentina,South America,1994,34402672,116.09,53
Brazil,South America,1994,159432716,218.96,156
Chile,South America,1994,14166340,35.63,17
Colombia,South America,1994,35758978,52.62,27
Mexico,North America,1994,90156400,316.06,136
Venezuela,South America,1994,21474549,100.93,50
China,Asia,1994,1191835000,2758.92,973
India,Asia,1994,945601831,664.87,351
Indonesia,Asia,1994,193917462,194,119
Japan,Asia,1994,124961000,1099.08,482
Malaysia,Asia,1994,19977500,75.33,32
South Korea,Asia,1994,21577982,342.47,133
Taiwan,Asia,1994,21207423,150.59,60
Thailand,Asia,1994,58875269,125.04,57
Australia,Oceania,1994,17855000,275.24,91
New Zealand,Oceania,1994,3620000,23.98,15
Algeria,Africa,1994,28213774,56.34,23
Egypt,Africa,1994,61095804,77.15,33
Nigeria,Africa,1994,105293700,30.85,72
South Africa,Africa,1994,40564061,257.66,98
Iran,Asia,1994,60590614,248.79,97
Kuwait,Asia,1994,NA,33.37,14
Saudi Arabia,Asia,1994,18214470,199.49,84
United Arab Emirates,Asia,1994,2294385,65.88,26
Belgium,Europe,1995,10136811,114.25,53
Czech Republic,Europe,1995,10327253,126.07,42
France,Europe,1995,59541899,366.56,240
Germany,Europe,1995,81678051,868.32,336
Italy,Europe,1995,56844303,410.53,159
Netherlands,Europe,1995,15459006,179.37,73
Poland,Europe,1995,38594998,338.94,99
Portugal,Europe,1995,10026176,48.71,20
Romania,Europe,1995,22684270,117.11,47
Spain,Europe,1995,39724050,231.53,101
Sweden,Europe,1995,8826939,55.07,50
United Kingdom,Europe,1995,58019030,523.5,217
Norway,Europe,1995,4359184,32.13,24
Turkey,Asia,1995,58486456,157.86,61
Kazakhstan,Asia,1995,15816243,167.58,52
Russia,Asia,1995,148375787,1582.61,636
Ukraine,Europe,1995,51512800,415.02,164
Uzbekistan,Asia,1995,22785000,99.71,43
Canada,North America,1995,29302311,460.99,234
United States,North America,1995,266278000,5149.52,2063
Argentina,South America,1995,34828170,120.21,54
Brazil,South America,1995,162019896,235.73,162
Chile,South America,1995,14380866,38.79,18
Colombia,South America,1995,36421438,55.14,28
Mexico,North America,1995,91663285,298,132
Venezuela,South America,1995,21931084,106.85,47
China,Asia,1995,1204855000,2946.93,1045
India,Asia,1995,963922588,723.57,371
Indonesia,Asia,1995,196934260,216.32,131
Japan,Asia,1995,125439000,1109.37,495
Malaysia,Asia,1995,20487607,82.45,34
South Korea,Asia,1995,21862299,371.89,146
Taiwan,Asia,1995,21356033,159.55,64
Thailand,Asia,1995,59467274,141.06,62
Australia,Oceania,1995,18072000,285.39,93
New Zealand,Oceania,1995,3673400,24.51,15
Algeria,Africa,1995,28757785,56.82,24
Egypt,Africa,1995,62334034,82.65,35
Nigeria,Africa,1995,107948335,33.2,73
South Africa,Africa,1995,41435761,273.74,104
Iran,Asia,1995,61442664,254.72,101
Kuwait,Asia,1995,1605901,33.32,15
Saudi Arabia,Asia,1995,18638787,198.64,85
United Arab Emirates,Asia,1995,2415090,69.97,28
Belgium,Europe,1996,10156637,119.79,56
Czech Republic,Europe,1996,10315241,127.23,43
France,Europe,1996,59753100,380.67,251
Germany,Europe,1996,81914831,894.33,348
Italy,Europe,1996,56860281,408.21,159
Netherlands,Europe,1996,15530498,188.59,77
Poland,Europe,1996,38624370,353.41,104
Portugal,Europe,1996,10063945,46.75,20
Romania,Europe,1996,22619004,121.94,48
Spain,Europe,1996,39889852,221.59,99
Sweden,Europe,1996,8840998,60.46,51
United Kingdom,Europe,1996,58166950,544.65,226
Norway,Europe,1996,4381336,33,23
Turkey,Asia,1996,59423282,173.63,66
Kazakhstan,Asia,1996,15578227,146.17,45
Russia,Asia,1996,148160129,1564.5,630
Ukraine,Europe,1996,51057800,350.22,150
Uzbekistan,Asia,1996,23225000,100.99,44
Canada,North America,1996,29610218,476.16,239
United States,North America,1996,269394000,5317.44,2108
Argentina,South America,1996,35246374,126.85,56
Brazil,South America,1996,164614688,254.25,170
Chile,South America,1996,14587370,44.74,20
Colombia,South America,1996,37076387,55.07,28
Mexico,North America,1996,93147044,310.74,135
Venezuela,South America,1996,22385650,114.89,50
China,Asia,1996,1217550000,2942.54,1074
India,Asia,1996,982365243,758.68,383
Indonesia,Asia,1996,199901228,233.98,136
Japan,Asia,1996,125757000,1121.79,506
Malaysia,Asia,1996,21017613,92.92,38
South Korea,Asia,1996,22113438,395.51,158
Taiwan,Asia,1996,21488990,168.15,67
Thailand,Asia,1996,60130186,159.28,69
Australia,Oceania,1996,18311000,295.35,99
New Zealand,Oceania,1996,3732000,25.92,16
Algeria,Africa,1996,29266405,56.16,23
Egypt,Africa,1996,63601629,87.04,37
Nigeria,Africa,1996,110668794,36.93,76
South Africa,Africa,1996,42241007,284.08,107
Iran,Asia,1996,62294920,262.14,98
Kuwait,Asia,1996,1626857,32.42,15
Saudi Arabia,Asia,1996,19033845,211.52,90
United Arab Emirates,Asia,1996,2539126,73.06,29
Belgium,Europe,1997,10181245,116.36,56
Czech Republic,Europe,1997,10304131,125.1,43
France,Europe,1997,59964851,371.97,244
Germany,Europe,1997,82034771,863.15,345
Italy,Europe,1997,56890372,412.04,162
Netherlands,Europe,1997,15610650,183.26,75
Poland,Europe,1997,38649660,342.89,102
Portugal,Europe,1997,10108977,48.99,21
Romania,Europe,1997,22553978,112.52,45
Spain,Europe,1997,40057389,240.82,106
Sweden,Europe,1997,8846062,55.05,50
United Kingdom,Europe,1997,58316954,519.8,219
Norway,Europe,1997,4405157,34.75,24
Turkey,Asia,1997,60372568,182.61,70
Kazakhstan,Asia,1997,15334405,123.21,39
Russia,Asia,1997,147915361,1471.68,602
Ukraine,Europe,1997,50594600,334.7,143
Uzbekistan,Asia,1997,23667000,103.08,45
Canada,North America,1997,29905948,492.81,241
United States,North America,1997,272657000,5583.56,2130
Argentina,South America,1997,35657429,132.17,58
Brazil,South America,1997,167209040,271.28,179
Chile,South America,1997,14786220,51.95,23
Colombia,South America,1997,37723803,59.45,27
Mexico,North America,1997,94611002,327.51,142
Venezuela,South America,1997,22837743,119.5,50
China,Asia,1997,1230075000,2971.94,1073
India,Asia,1997,1000900030,791.38,398
Indonesia,Asia,1997,202826446,253.71,140
Japan,Asia,1997,126057000,1110.65,511
Malaysia,Asia,1997,21562793,100.15,44
South Korea,Asia,1997,22335267,418.41,172
Taiwan,Asia,1997,21608306,181.54,71
Thailand,Asia,1997,60846582,163.28,71
Australia,Oceania,1997,18517000,304.24,101
New Zealand,Oceania,1997,3781300,28.27,16
Algeria,Africa,1997,29742979,58.06,24
Egypt,Africa,1997,64892270,93.74,39
Nigeria,Africa,1997,113457663,41.58,79
South Africa,Africa,1997,42987456,298.93,109
Iran,Asia,1997,63136312,276.53,109
Kuwait,Asia,1997,1710256,33.54,15
Saudi Arabia,Asia,1997,19407142,213.99,86
United Arab Emirates,Asia,1997,2671362,77.02,31
Belgium,Europe,1998,10203008,119.13,57
Czech Republic,Europe,1998,10294373,119.33,42
France,Europe,1998,60186288,394.98,252
Germany,Europe,1998,82047195,860.05,343
Italy,Europe,1998,56906744,422.41,166
Netherlands,Europe,1998,15707209,183.59,75
Poland,Europe,1998,38663481,317.29,95
Portugal,Europe,1998,10160196,53.74,23
Romania,Europe,1998,22507344,97.96,41
Spain,Europe,1998,40223509,249.19,111
Sweden,Europe,1998,8850974,55.9,51
United Kingdom,Europe,1998,58487141,525.95,221
Norway,Europe,1998,4431464,36.41,25
Turkey,Asia,1998,61329676,183.53,71
Kazakhstan,Asia,1998,15071640,125.76,39
Russia,Asia,1998,147670784,1454.71,588
Ukraine,Europe,1998,50144500,317.62,136
Uzbekistan,Asia,1998,24051000,116.37,50
Canada,North America,1998,30155173,497.67,240
United States,North America,1998,275854000,5620.12,2148
Argentina,South America,1998,36063459,136.01,60
Brazil,South America,1998,169785250,278.76,183
Chile,South America,1998,14977733,53.04,24
Colombia,South America,1998,38364307,60.48,29
Mexico,North America,1998,96056321,349.86,146
Venezuela,South America,1998,23288564,120.22,52
China,Asia,1998,1241935000,3087.85,1079
India,Asia,1998,1019483581,808.07,407
Indonesia,Asia,1998,205724592,256.2,137
Japan,Asia,1998,126400000,1072.05,502
Malaysia,Asia,1998,22114654,100.27,42
South Korea,Asia,1998,22536753,361.09,158
Taiwan,Asia,1998,21721516,192.08,75
Thailand,Asia,1998,61585103,148.51,66
Australia,Oceania,1998,18711000,324.08,104
New Zealand,Oceania,1998,3815000,27.4,16
Algeria,Africa,1998,30192754,59.48,25
Egypt,Africa,1998,66200269,98.94,42
Nigeria,Africa,1998,116319759,37.63,80
South Africa,Africa,1998,43682259,306.6,111
Iran,Asia,1998,63971836,280.08,111
Kuwait,Asia,1998,1831119,39.71,17
Saudi Arabia,Asia,1998,19783304,228.9,92
United Arab Emirates,Asia,1998,2813214,78.86,32
Belgium,Europe,1999,10226419,115.06,57
Czech Republic,Europe,1999,10283860,111.81,39
France,Europe,1999,60496718,389.99,252
Germany,Europe,1999,82100243,828.43,335
Italy,Europe,1999,56916317,427.46,169
Netherlands,Europe,1999,15812088,178.46,74
Poland,Europe,1999,38660271,308.91,93
Portugal,Europe,1999,10217828,60.21,24
Romania,Europe,1999,22472040,84.01,36
Spain,Europe,1999,40386875,270.35,116
Sweden,Europe,1999,8857874,54.46,50
United Kingdom,Europe,1999,58682466,523.09,222
Norway,Europe,1999,4461913,37.73,26
Turkey,Asia,1999,62287397,181.96,70
Kazakhstan,Asia,1999,14928374,113.03,36
Russia,Asia,1999,147214776,1501.93,609
Ukraine,Europe,1999,49674000,314.85,135
Uzbekistan,Asia,1999,24311650,117.66,51
Canada,North America,1999,30401286,508.97,247
United States,North America,1999,279040000,5653.57,2206
Argentina,South America,1999,36467218,139.65,61
Brazil,South America,1999,172318675,287.94,187
Chile,South America,1999,15162800,56.68,25
Colombia,South America,1999,38999468,52.86,26
Mexico,North America,1999,97484832,341.91,150
Venezuela,South America,1999,23739841,108.99,50
China,Asia,1999,1252735000,2999.15,1099
India,Asia,1999,1038058156,872.35,431
Indonesia,Asia,1999,208615169,277.43,144
Japan,Asia,1999,126631000,1108.95,510
Malaysia,Asia,1999,22661298,108.6,42
South Korea,Asia,1999,22731482,394.94,174
Taiwan,Asia,1999,21838633,200.03,79
Thailand,Asia,1999,62298571,154.71,71
Australia,Oceania,1999,18926000,329.7,106
New Zealand,Oceania,1999,3835100,29,17
Algeria,Africa,1999,30623406,63.24,27
Egypt,Africa,1999,67515591,103.94,42
Nigeria,Africa,1999,119260063,39.46,83
South Africa,Africa,1999,44338551,289.74,109
Iran,Asia,1999,64800880,305.89,126
Kuwait,Asia,1999,1951636,43.77,18
Saudi Arabia,Asia,1999,20194527,234.93,94
United Arab Emirates,Asia,1999,2966034,81.06,32
Belgium,Europe,2000,10251250,116.98,58
Czech Republic,Europe,2000,10255063,122.55,41
France,Europe,2000,60912500,386.18,255
Germany,Europe,2000,82211508,829.72,337
Italy,Europe,2000,56942108,430.63,172
Netherlands,Europe,2000,15925513,179.49,75
Poland,Europe,2000,38258629,295.89,89
Portugal,Europe,2000,10289898,59.71,25
Romania,Europe,2000,22442971,87.33,36
Spain,Europe,2000,40567864,286.47,122
Sweden,Europe,2000,8872109,51,48
United Kingdom,Europe,2000,58892514,531.58,223
Norway,Europe,2000,4490967,33.03,26
Turkey,Asia,2000,63240194,202.84,76
Kazakhstan,Asia,2000,14883626,121.82,36
Russia,Asia,2000,146596869,1521.45,619
Ukraine,Europe,2000,49176500,308.77,134
Uzbekistan,Asia,2000,24650400,117.01,51
Canada,North America,2000,30685730,529.62,254
United States,North America,2000,282162411,5817.31,2269
Argentina,South America,2000,36870787,139.48,62
Brazil,South America,2000,174790340,298.47,188
Chile,South America,2000,15342353,52.75,25
Colombia,South America,2000,39629965,55.18,26
Mexico,North America,2000,98899845,364.44,151
Venezuela,South America,2000,24192446,116.91,51
China,Asia,2000,1262645000,3145.41,1130
India,Asia,2000,1056575549,910.22,441
Indonesia,Asia,2000,211513823,272.58,156
Japan,Asia,2000,126843000,1122.71,520
Malaysia,Asia,2000,23194257,117.98,48
South Korea,Asia,2000,22929075,446.53,190
Taiwan,Asia,2000,21966527,218.73,85
Thailand,Asia,2000,62952642,155.44,72
Australia,Oceania,2000,19153000,335.84,108
New Zealand,Oceania,2000,3857700,30.16,17
Algeria,Africa,2000,31042235,64.22,27
Egypt,Africa,2000,68831561,101.7,40
Nigeria,Africa,2000,122283850,43.99,87
South Africa,Africa,2000,44967713,296.11,109
Iran,Asia,2000,65623405,320.03,123
Kuwait,Asia,2000,2045123,47.08,19
Saudi Arabia,Asia,2000,20663843,244.15,98
United Arab Emirates,Asia,2000,3134062,80.31,32
Belgium,Europe,2001,10286570,116.73,58
Czech Republic,Europe,2001,10216605,121.86,42
France,Europe,2001,61357430,390.1,260
Germany,Europe,2001,82349925,849.18,347
Italy,Europe,2001,56974100,429.22,172
Netherlands,Europe,2001,16046180,184.26,77
Poland,Europe,2001,38248076,295.48,90
Portugal,Europe,2001,10362722,59.25,25
Romania,Europe,2001,22131970,93.62,37
Spain,Europe,2001,40850412,286.73,125
Sweden,Europe,2001,8895960,51.9,50
United Kingdom,Europe,2001,59119673,544.06,224
Norway,Europe,2001,4513751,34.36,27
Turkey,Asia,2001,64192243,183.57,70
Kazakhstan,Asia,2001,14858335,113.1,35
Russia,Asia,2001,145976482,1527.89,626
Ukraine,Europe,2001,48662400,302.42,134
Uzbekistan,Asia,2001,24964450,117.4,51
Canada,North America,2001,31020902,523.42,250
United States,North America,2001,284968955,5796.02,2226
Argentina,South America,2001,37275652,129.66,59
Brazil,South America,2001,177196054,304.83,191
Chile,South America,2001,15516113,50.52,25
Colombia,South America,2001,40255956,55.45,26
Mexico,North America,2001,100298153,365.22,155
Venezuela,South America,2001,24646472,124.08,53
China,Asia,2001,1271850000,3280.07,1168
India,Asia,2001,1075000085,923.06,448
Indonesia,Asia,2001,214427417,290.65,159
Japan,Asia,2001,127149000,1110.9,511
Malaysia,Asia,2001,23709119,123.59,51
South Korea,Asia,2001,23132980,464.09,193
Taiwan,Asia,2001,22108713,227.68,89
Thailand,Asia,2001,63539196,163.71,74
Australia,Oceania,2001,19413000,342.1,106
New Zealand,Oceania,2001,3880500,32.01,17
Algeria,Africa,2001,31451514,65.73,27
Egypt,Africa,2001,70152661,111.68,46
Nigeria,Africa,2001,125394046,49.66,91
South Africa,Africa,2001,45571272,330.7,105
Iran,Asia,2001,66449112,335.4,133
Kuwait,Asia,2001,2103282,51.05,20
Saudi Arabia,Asia,2001,21202642,248.15,100
United Arab Emirates,Asia,2001,3302719,93.02,40
Belgium,Europe,2002,10332785,111.4,56
Czech Republic,Europe,2002,10196916,117.76,43
France,Europe,2002,61805267,383.17,261
Germany,Europe,2002,82488495,836.85,339
Italy,Europe,2002,57059007,437.79,174
Netherlands,Europe,2002,16148929,186.29,78
Poland,Europe,2002,38230364,288.85,89
Portugal,Europe,2002,10419631,63.2,26
Romania,Europe,2002,21730496,93.3,38
Spain,Europe,2002,41431558,303.93,129
Sweden,Europe,2002,8924958,53.31,52
United Kingdom,Europe,2002,59370479,529,221
Norway,Europe,2002,4538159,34.02,25
Turkey,Asia,2002,65145367,193.67,74
Kazakhstan,Asia,2002,14858948,125.82,40
Russia,Asia,2002,145306497,1510.98,623
Ukraine,Europe,2002,48202470,301.46,136
Uzbekistan,Asia,2002,25271850,122.04,53
Canada,North America,2002,31360079,530.09,251
United States,North America,2002,287625193,5650.95,2256
Argentina,South America,2002,37681749,122.92,57
Brazil,South America,2002,179537520,302.82,196
Chile,South America,2002,15684409,51.41,26
Colombia,South America,2002,40875363,53.34,25
Mexico,North America,2002,101684758,371.1,157
Venezuela,South America,2002,25100408,123.4,57
China,Asia,2002,1280400000,3539.05,1246
India,Asia,2002,1093317189,953.46,462
Indonesia,Asia,2002,217357793,296.89,165
Japan,Asia,2002,127445000,1152.78,513
Malaysia,Asia,2002,24208391,129.84,52
South Korea,Asia,2002,23339453,461.84,201
Taiwan,Asia,2002,22262299,236.75,93
Thailand,Asia,2002,64069087,175.31,82
Australia,Oceania,2002,19651400,354.09,109
New Zealand,Oceania,2002,3948500,32.09,17
Algeria,Africa,2002,31855109,71.67,29
Egypt,Africa,2002,71485043,117.15,47
Nigeria,Africa,2002,128596076,51.36,94
South Africa,Africa,2002,46150913,341.84,99
Iran,Asia,2002,67284796,350.67,138
Kuwait,Asia,2002,2136997,53.1,21
Saudi Arabia,Asia,2002,21805313,265.65,111
United Arab Emirates,Asia,2002,3478777,95.03,40
Belgium,Europe,2003,10376133,115.18,58
Czech Republic,Europe,2003,10193998,121.81,45
France,Europe,2003,62244886,388.38,268
Germany,Europe,2003,82534176,835.37,337
Italy,Europe,2003,57313203,452.96,182
Netherlands,Europe,2003,16225302,189.43,80
Poland,Europe,2003,38204570,301.16,91
Portugal,Europe,2003,10458821,58.73,25
Romania,Europe,2003,21574326,95.89,40
Spain,Europe,2003,42187645,310.29,133
Sweden,Europe,2003,8958229,54.64,51
United Kingdom,Europe,2003,59647577,543.41,224
Norway,Europe,2003,4564855,36.83,27
Turkey,Asia,2003,66089402,205.1,79
Kazakhstan,Asia,2003,14909019,145.07,43
Russia,Asia,2003,144648618,1551.5,645
Ukraine,Europe,2003,47812949,312.65,141
Uzbekistan,Asia,2003,25567650,116.59,51
Canada,North America,2003,31644028,551.46,264
United States,North America,2003,290107933,5708.69,2262
Argentina,South America,2003,38087868,132.62,61
Brazil,South America,2003,181809246,297.88,199
Chile,South America,2003,15849652,52.75,26
Colombia,South America,2003,41483872,52.65,26
Mexico,North America,2003,103081020,389.68,168
Venezuela,South America,2003,25551624,123.19,53
China,Asia,2003,1288400000,4115.15,1420
India,Asia,2003,1111523144,980.32,474
Indonesia,Asia,2003,220309469,325.31,165
Japan,Asia,2003,127718000,1161.6,509
Malaysia,Asia,2003,24698819,135.88,56
South Korea,Asia,2003,23542426,464.85,206
Taiwan,Asia,2003,22419792,248.37,97
Thailand,Asia,2003,64549866,184.65,89
Australia,Oceania,2003,19895400,353.89,111
New Zealand,Oceania,2003,4027200,32.64,17
Algeria,Africa,2003,32264157,74.88,31
Egypt,Africa,2003,72826097,120.59,49
Nigeria,Africa,2003,131900631,55.62,98
South Africa,Africa,2003,46719203,363.85,111
Iran,Asia,2003,68122938,365.51,143
Kuwait,Asia,2003,2161626,54.84,22
Saudi Arabia,Asia,2003,22456649,276.55,113
United Arab Emirates,Asia,2003,3711932,99.28,39
Belgium,Europe,2004,10421137,114.82,58
Czech Republic,Europe,2004,10197101,123.65,46
France,Europe,2004,62704895,388.89,271
Germany,Europe,2004,82516260,820.36,340
Italy,Europe,2004,57685327,460,183
Netherlands,Europe,2004,16281779,191.35,81
Poland,Europe,2004,38182222,303.55,91
Portugal,Europe,2004,10483861,60.05,26
Romania,Europe,2004,21451748,94.23,39
Spain,Europe,2004,42921895,325.79,139
Sweden,Europe,2004,8993531,53.03,53
United Kingdom,Europe,2004,59987905,543.53,222
Norway,Europe,2004,4591910,37.19,27
Turkey,Asia,2004,67010930,211.55,81
Kazakhstan,Asia,2004,15012984,150.17,51
Russia,Asia,2004,144067316,1549.7,647
Ukraine,Europe,2004,47451626,302.02,142
Uzbekistan,Asia,2004,25864350,114.66,50
Canada,North America,2004,31940655,544.68,271
United States,North America,2004,292805298,5787.86,2308
Argentina,South America,2004,38491972,147.69,67
Brazil,South America,2004,184006481,314.75,211
Chile,South America,2004,16014971,57.54,28
Colombia,South America,2004,42075953,52.84,26
Mexico,North America,2004,104514932,399.38,171
Venezuela,South America,2004,25996594,128.2,56
China,Asia,2004,1296075000,4843.11,1615
India,Asia,2004,1129623456,1034.6,499
Indonesia,Asia,2004,223285676,331.89,176
Japan,Asia,2004,127761000,1153.03,526
Malaysia,Asia,2004,25190652,149.43,60
South Korea,Asia,2004,23732731,487.68,212
Taiwan,Asia,2004,22570224,256.82,100
Thailand,Asia,2004,64995299,201.51,96
Australia,Oceania,2004,20127400,367.31,113
New Zealand,Oceania,2004,4087500,32.38,18
Algeria,Africa,2004,32692163,75.97,31
Egypt,Africa,2004,74172073,131.77,53
Nigeria,Africa,2004,135320422,55.87,99
South Africa,Africa,2004,47291610,387.07,120
Iran,Asia,2004,68951281,394.85,156
Kuwait,Asia,2004,2200492,57.81,23
Saudi Arabia,Asia,2004,23132682,293.94,120
United Arab Emirates,Asia,2004,4068570,105.46,42
Belgium,Europe,2005,10478617,112.21,58
Czech Republic,Europe,2005,10211216,119.34,45
France,Europe,2005,63179351,391.91,273
Germany,Europe,2005,82469422,803.82,338
Italy,Europe,2005,57969484,462.21,187
Netherlands,Europe,2005,16319868,188.15,80
Poland,Europe,2005,38165445,303.65,92
Portugal,Europe,2005,10503330,63.19,26
Romania,Europe,2005,21319685,93.13,39
Spain,Europe,2005,43653155,339.7,142
Sweden,Europe,2005,9029572,50.56,52
United Kingdom,Europe,2005,60401206,542.28,223
Norway,Europe,2005,4623291,36.8,27
Turkey,Asia,2005,67903469,219.43,84
Kazakhstan,Asia,2005,15147029,160.95,51
Russia,Asia,2005,143518814,1547.56,651
Ukraine,Europe,2005,47105171,311.36,141
Uzbekistan,Asia,2005,26167000,107.71,47
Canada,North America,2005,32243753,556.39,274
United States,North America,2005,295516599,5803.27,2319
Argentina,South America,2005,38892931,150.16,67
Brazil,South America,2005,186127103,318.24,216
Chile,South America,2005,16182721,58.34,28
Colombia,South America,2005,42647731,54.34,27
Mexico,North America,2005,106005203,415.56,181
Venezuela,South America,2005,26432447,138.4,55
China,Asia,2005,1303720000,5470.08,1782
India,Asia,2005,1147609927,1084.01,515
Indonesia,Asia,2005,226289470,335.65,179
Japan,Asia,2005,127773000,1152.2,524
Malaysia,Asia,2005,25690611,160.03,66
South Korea,Asia,2005,23904167,492.74,214
Taiwan,Asia,2005,22705713,264.15,102
Thailand,Asia,2005,65416189,207.75,99
Australia,Oceania,2005,20394800,372.7,113
New Zealand,Oceania,2005,4133900,33.02,17
Algeria,Africa,2005,33149724,80.32,32
Egypt,Africa,2005,75523569,149.07,62
Nigeria,Africa,2005,138865016,58.35,105
South Africa,Africa,2005,47880595,379.18,116
Iran,Asia,2005,69762347,426.97,173
Kuwait,Asia,2005,2270198,66.21,26
Saudi Arabia,Asia,2005,23816183,310.51,123
United Arab Emirates,Asia,2005,4588225,111.92,44
Belgium,Europe,2006,10547958,110.92,57
Czech Republic,Europe,2006,10238905,120.01,46
France,Europe,2006,63621381,383.06,268
Germany,Europe,2006,82376451,815,347
Italy,Europe,2006,58143979,459.02,185
Netherlands,Europe,2006,16346101,183.51,79
Poland,Europe,2006,38141267,316.75,97
Portugal,Europe,2006,10522288,57.88,25
Romania,Europe,2006,21193760,96.27,40
Spain,Europe,2006,44397319,330.72,142
Sweden,Europe,2006,9080505,50.57,50
United Kingdom,Europe,2006,60846820,543.24,219
Norway,Europe,2006,4660677,37.25,27
Turkey,Asia,2006,68756810,244.88,93
Kazakhstan,Asia,2006,15308085,181.72,61
Russia,Asia,2006,143049637,1608.77,670
Ukraine,Europe,2006,46787786,305.67,137
Uzbekistan,Asia,2006,26488250,113.5,48
Canada,North America,2006,32571174,549.18,278
United States,North America,2006,298379912,5697.77,2297
Argentina,South America,2006,39289878,160.09,73
Brazil,South America,2006,188167356,322.15,224
Chile,South America,2006,16354504,60.09,30
Colombia,South America,2006,43200901,54.19,28
Mexico,North America,2006,107560153,429.67,184
Venezuela,South America,2006,26850194,134.11,62
China,Asia,2006,1311020000,6051.71,1950
India,Asia,2006,1165486291,1156.02,533
Indonesia,Asia,2006,229318262,354.06,183
Japan,Asia,2006,127854000,1126.19,524
Malaysia,Asia,2006,26201961,167.01,66
South Korea,Asia,2006,24054864,495.86,218
Taiwan,Asia,2006,22823848,274.99,105
Thailand,Asia,2006,65812536,209.77,101
Australia,Oceania,2006,20697900,376.4,118
New Zealand,Oceania,2006,4184600,33.13,17
Algeria,Africa,2006,33641002,83.43,35
Egypt,Africa,2006,76873663,157.41,65
Nigeria,Africa,2006,142538308,53.12,106
South Africa,Africa,2006,48489464,378.9,119
Iran,Asia,2006,70554760,460.26,180
Kuwait,Asia,2006,2373672,67.99,26
Saudi Arabia,Asia,2006,24498310,329.32,136
United Arab Emirates,Asia,2006,5300174,115.85,46
Belgium,Europe,2007,10625700,107.23,56
Czech Republic,Europe,2007,10298828,122.91,46
France,Europe,2007,64016225,374.26,265
Germany,Europe,2007,82266372,785.3,329
Italy,Europe,2007,58438310,450.98,184
Netherlands,Europe,2007,16381696,184.02,79
Poland,Europe,2007,38120560,314.31,97
Portugal,Europe,2007,10542964,56.26,25
Romania,Europe,2007,20882982,93.54,40
Spain,Europe,2007,45226803,344.44,144
Sweden,Europe,2007,9148092,48.05,50
United Kingdom,Europe,2007,61322463,532.27,211
Norway,Europe,2007,4709153,37.78,28
Turkey,Asia,2007,69581848,268.37,100
Kazakhstan,Asia,2007,15484192,193.35,66
Russia,Asia,2007,142805114,1588.82,672
Ukraine,Europe,2007,46509355,315.11,139
Uzbekistan,Asia,2007,26868000,112.13,47
Canada,North America,2007,32889025,580.9,277
United States,North America,2007,301231207,5783.81,2338
Argentina,South America,2007,39684295,166.64,74
Brazil,South America,2007,190130443,337.17,236
Chile,South America,2007,16530195,65.75,31
Colombia,South America,2007,43737512,55.09,28
Mexico,North America,2007,109170502,437.06,183
Venezuela,South America,2007,27247610,130.1,58
China,Asia,2007,1317885000,6513.12,2099
India,Asia,2007,1183209472,1252.57,568
Indonesia,Asia,2007,232374245,371.8,182
Japan,Asia,2007,128001000,1163.95,518
Malaysia,Asia,2007,26720370,185.59,73
South Korea,Asia,2007,24188331,517.03,227
Taiwan,Asia,2007,22927215,278.08,110
Thailand,Asia,2007,66182067,217.56,105
Australia,Oceania,2007,20827600,386.97,122
New Zealand,Oceania,2007,4223800,32.01,17
Algeria,Africa,2007,34166972,87.43,37
Egypt,Africa,2007,78232126,169.48,70
Nigeria,Africa,2007,146339977,49.12,110
South Africa,Africa,2007,49119766,400.39,129
Iran,Asia,2007,71336475,492.56,191
Kuwait,Asia,2007,2504019,68.27,26
Saudi Arabia,Asia,2007,25184597,346.43,140
United Arab Emirates,Asia,2007,6168838,124.79,50
Belgium,Europe,2008,10709973,109.06,58
Czech Republic,Europe,2008,10384603,117.78,45
France,Europe,2008,64374984,367.71,266
Germany,Europe,2008,82110097,794.02,332
Italy,Europe,2008,58826731,439.97,182
Netherlands,Europe,2008,16445593,183.46,78
Poland,Europe,2008,38125759,311.19,98
Portugal,Europe,2008,10558177,54.31,25
Romania,Europe,2008,20537875,92.03,40
Spain,Europe,2008,45954106,315.71,139
Sweden,Europe,2008,9219637,46.13,50
United Kingdom,Europe,2008,61806995,516.26,209
Norway,Europe,2008,4768212,37.26,32
Turkey,Asia,2008,70418604,267.13,98
Kazakhstan,Asia,2008,15776938,225.18,70
Russia,Asia,2008,142742366,1603.38,688
Ukraine,Europe,2008,46258189,303.92,135
Uzbekistan,Asia,2008,27302800,117.26,49
Canada,North America,2008,33247118,559.72,271
United States,North America,2008,304093966,5602.73,2278
Argentina,South America,2008,40080160,178.13,78
Brazil,South America,2008,192030362,355.3,250
Chile,South America,2008,16708258,68.34,30
Colombia,South America,2008,44254972,55.97,30
Mexico,North America,2008,110815271,438.31,184
Venezuela,South America,2008,27635832,159.66,65
China,Asia,2008,1324655000,6706.68,2155
India,Asia,2008,1200669765,1330.57,601
Indonesia,Asia,2008,235469762,363.75,185
Japan,Asia,2008,128063000,1101.63,500
Malaysia,Asia,2008,27236006,196.07,76
South Korea,Asia,2008,24310142,530.32,232
Taiwan,Asia,2008,23019045,265.91,106
Thailand,Asia,2008,66530984,223.48,108
Australia,Oceania,2008,21249200,390.25,127
New Zealand,Oceania,2008,4259800,33.09,18
Algeria,Africa,2008,34730608,90.8,37
Egypt,Africa,2008,79636079,177.49,72
Nigeria,Africa,2008,150269623,54.05,113
South Africa,Africa,2008,49779472,432.63,139
Iran,Asia,2008,72120604,501.88,205
Kuwait,Asia,2008,2656009,72.83,29
Saudi Arabia,Asia,2008,25888541,378.28,157
United Arab Emirates,Asia,2008,7089487,146.61,59
Belgium,Europe,2009,10796493,99.54,56
Czech Republic,Europe,2009,10443936,110.05,43
France,Europe,2009,64707040,350.73,255
Germany,Europe,2009,81902307,737.64,311
Italy,Europe,2009,59095365,393.37,170
Netherlands,Europe,2009,16530388,178.14,77
Poland,Europe,2009,38151603,299.52,94
Portugal,Europe,2009,10568247,53.81,24
Romania,Europe,2009,20367487,78.15,35
Spain,Europe,2009,46362946,280.5,128
Sweden,Europe,2009,9298515,43.21,45
United Kingdom,Europe,2009,62276270,468.93,196
Norway,Europe,2009,4828726,37.33,32
Turkey,Asia,2009,71321399,266.76,98
Kazakhstan,Asia,2009,16092822,199.25,63
Russia,Asia,2009,142785349,1506.35,647
Ukraine,Europe,2009,46053331,257.46,114
Uzbekistan,Asia,2009,27767400,105.3,44
Canada,North America,2009,33628895,532.4,260
United States,North America,2009,306771529,5210.6,2165
Argentina,South America,2009,40482788,171.09,76
Brazil,South America,2009,193886508,332.81,242
Chile,South America,2009,16886186,65.77,30
Colombia,South America,2009,44750054,59.37,31
Mexico,North America,2009,112463887,429.05,180
Venezuela,South America,2009,28031009,160.75,65
China,Asia,2009,1331260000,7217.64,2297
India,Asia,2009,1217726215,1496.12,666
Indonesia,Asia,2009,238620563,377.26,198
Japan,Asia,2009,128047000,1053.47,477
Malaysia,Asia,2009,27735040,177.73,72
South Korea,Asia,2009,24428341,542.29,234
Taiwan,Asia,2009,23104546,251.68,103
Thailand,Asia,2009,66866839,218.19,108
Australia,Oceania,2009,21691700,395.71,127
New Zealand,Oceania,2009,4302600,30.33,18
Algeria,Africa,2009,35333881,96.75,41
Egypt,Africa,2009,81134798,181.85,74
Nigeria,Africa,2009,154324933,45.8,111
South Africa,Africa,2009,50477013,408.36,141
Iran,Asia,2009,72924837,521,204
Kuwait,Asia,2009,2821045,79.93,31
Saudi Arabia,Asia,2009,26630303,395.03,167
United Arab Emirates,Asia,2009,7917372,148.9,64
Belgium,Europe,2010,10895586,109.17,60
Czech Republic,Europe,2010,10474410,113.67,45
France,Europe,2010,65027507,356.58,263
Germany,Europe,2010,81776930,780.86,327
Italy,Europe,2010,59277417,401.96,174
Netherlands,Europe,2010,16615394,190.77,83
Poland,Europe,2010,38042794,318.01,101
Portugal,Europe,2010,10573100,48.47,23
Romania,Europe,2010,20246871,74.72,35
Spain,Europe,2010,46576897,266.97,128
Sweden,Europe,2010,9378126,48.48,51
United Kingdom,Europe,2010,62766365,485.18,204
Norway,Europe,2010,4889252,39.17,30
Turkey,Asia,2010,72326988,273.52,106
Kazakhstan,Asia,2010,16321872,217.14,69
Russia,Asia,2010,142849468,1609.46,688
Ukraine,Europe,2010,45870741,276.55,132
Uzbekistan,Asia,2010,28562400,102.39,42
Canada,North America,2010,34004889,548.34,261
United States,North America,2010,309321666,5445.56,2217
Argentina,South America,2010,40788453,174.55,79
Brazil,South America,2010,195713635,376.95,267
Chile,South America,2010,17062536,70.26,31
Colombia,South America,2010,45222699,60.8,31
Mexico,North America,2010,114092963,444.9,179
Venezuela,South America,2010,28439940,171.71,72
China,Asia,2010,1337705000,7799.44,2536
India,Asia,2010,1234281170,1583.12,701
Indonesia,Asia,2010,241834215,376.45,206
Japan,Asia,2010,128070000,1103.7,503
Malaysia,Asia,2010,28208035,194.79,73
South Korea,Asia,2010,24548836,593.87,256
Taiwan,Asia,2010,23187551,268.41,111
Thailand,Asia,2010,67195028,235.41,118
Australia,Oceania,2010,22031750,394.16,127
New Zealand,Oceania,2010,4350700,30.09,19
Algeria,Africa,2010,35977455,97.47,40
Egypt,Africa,2010,82761235,183.61,73
Nigeria,Africa,2010,158503197,56.44,127
South Africa,Africa,2010,51216967,428.72,132
Iran,Asia,2010,73762519,515.17,204
Kuwait,Asia,2010,2991884,78.85,32
Saudi Arabia,Asia,2010,27421461,435.08,185
United Arab Emirates,Asia,2010,8549988,155.86,61
Belgium,Europe,2011,11038264,98.75,56
Czech Republic,Europe,2011,10496088,110.1,43
France,Europe,2011,65342780,338.13,257
Germany,Europe,2011,80274983,751.89,310
Italy,Europe,2011,59379449,393.45,168
Netherlands,Europe,2011,16693074,178.49,77
Poland,Europe,2011,38063255,313.51,101
Portugal,Europe,2011,10557560,48,23
Romania,Europe,2011,20147528,81.59,36
Spain,Europe,2011,46742697,270.32,126
Sweden,Europe,2011,9449213,43.99,50
United Kingdom,Europe,2011,63258810,446.09,189
Norway,Europe,2011,4953088,38.26,27
Turkey,Asia,2011,73443863,294.28,112
Kazakhstan,Asia,2011,16557202,231.74,77
Russia,Asia,2011,142960908,1673.73,711
Ukraine,Europe,2011,45706086,290.78,126
Uzbekistan,Asia,2011,29339400,111.99,47
Canada,North America,2011,34339328,560.72,266
United States,North America,2011,311556874,5237.67,2191
Argentina,South America,2011,41261490,181.79,81
Brazil,South America,2011,197514534,396.95,271
Chile,South America,2011,17233576,76.3,34
Colombia,South America,2011,45662747,65.97,31
Mexico,North America,2011,115695473,460.77,187
Venezuela,South America,2011,28888369,145.97,67
China,Asia,2011,1344130000,8488.98,2723
India,Asia,2011,1250288729,1669.91,734
Indonesia,Asia,2011,245116206,401.14,198
Japan,Asia,2011,127833000,1160.79,466
Malaysia,Asia,2011,28650955,199.84,76
South Korea,Asia,2011,24673385,625.59,267
Taiwan,Asia,2011,23268765,268.53,109
Thailand,Asia,2011,67518382,235.02,118
Australia,Oceania,2011,22340024,392.63,128
New Zealand,Oceania,2011,4384000,29.38,19
Algeria,Africa,2011,36661444,104.7,42
Egypt,Africa,2011,84529250,189.97,76
Nigeria,Africa,2011,162805071,61.65,139
South Africa,Africa,2011,52003759,413.08,135
Iran,Asia,2011,74634956,531.21,208
Kuwait,Asia,2011,3168060,80.11,31
Saudi Arabia,Asia,2011,28267685,451.16,177
United Arab Emirates,Asia,2011,8946777,160.06,60
Belgium,Europe,2012,11106932,97.59,53
Czech Republic,Europe,2012,10510785,106.73,43
France,Europe,2012,65659809,342.91,257
Germany,Europe,2012,80425823,767.79,311
Italy,Europe,2012,59539717,374.84,162
Netherlands,Europe,2012,16754962,176.75,77
Poland,Europe,2012,38063164,307.62,98
Portugal,Europe,2012,10514844,46.5,21
Romania,Europe,2012,20058035,79.14,35
Spain,Europe,2012,46773055,265.47,126
Sweden,Europe,2012,9519374,40.63,50
United Kingdom,Europe,2012,63700215,467.77,194
Norway,Europe,2012,5018573,37.54,28
Turkey,Asia,2012,74653016,305.93,118
Kazakhstan,Asia,2012,16792090,234.16,74
Russia,Asia,2012,143201721,1653.11,728
Ukraine,Europe,2012,45593342,285.09,122
Uzbekistan,Asia,2012,29774500,115.39,48
Canada,North America,2012,34714222,562.04,269
United States,North America,2012,313830990,5048.6,2152
Argentina,South America,2012,41733271,188.69,81
Brazil,South America,2012,199287296,429.84,281
Chile,South America,2012,17400347,78.72,37
Colombia,South America,2012,46075721,65.79,32
Mexico,North America,2012,117274155,462.78,192
Venezuela,South America,2012,29362449,164.3,73
China,Asia,2012,1350695000,8749.86,2821
India,Asia,2012,1265782790,1810.46,766
Indonesia,Asia,2012,248452413,432,208
Japan,Asia,2012,127629000,1204.19,456
Malaysia,Asia,2012,29068159,203.25,78
South Korea,Asia,2012,24800612,630.84,271
Taiwan,Asia,2012,23346896,259.23,107
Thailand,Asia,2012,67835957,252.05,126
Australia,Oceania,2012,22733465,390.93,127
New Zealand,Oceania,2012,4408100,31.11,19
Algeria,Africa,2012,37383887,115.16,46
Egypt,Africa,2012,86422240,196.36,79
Nigeria,Africa,2012,167228767,63.38,140
South Africa,Africa,2012,52832659,430.04,129
Iran,Asia,2012,75539862,535.86,217
Kuwait,Asia,2012,3348853,79.77,34
Saudi Arabia,Asia,2012,29155187,481.69,199
United Arab Emirates,Asia,2012,9141596,170.55,64
Belgium,Europe,2013,11159407,98.72,56
Czech Republic,Europe,2013,10514272,102.64,43
France,Europe,2013,65998687,342.57,258
Germany,Europe,2013,80645605,788.58,318
Italy,Europe,2013,60233948,343.66,156
Netherlands,Europe,2013,16804432,175.17,75
Poland,Europe,2013,38040196,304.77,98
Portugal,Europe,2013,10457295,45.09,22
Romania,Europe,2013,19983693,69.56,32
Spain,Europe,2013,46620045,238.26,117
Sweden,Europe,2013,9600379,39.02,49
United Kingdom,Europe,2013,64128273,455.14,191
Norway,Europe,2013,5079623,37.56,29
Turkey,Asia,2013,75928564,294.91,115
Kazakhstan,Asia,2013,17035551,251.15,82
Russia,Asia,2013,143506995,1602.68,706
Ukraine,Europe,2013,45489648,273.96,116
Uzbekistan,Asia,2013,30243200,105.05,43
Canada,North America,2013,35082954,570.89,274
United States,North America,2013,315993715,5152.25,2190
Argentina,South America,2013,42202935,183.94,83
Brazil,South America,2013,201035903,461.28,294
Chile,South America,2013,17571507,82.74,38
Colombia,South America,2013,46495492,75.41,39
Mexico,North America,2013,118827161,453.01,192
Venezuela,South America,2013,29783571,152.46,69
China,Asia,2013,1357380000,9162.77,2912
India,Asia,2013,1280846129,1853.45,779
Indonesia,Asia,2013,251806402,429.54,213
Japan,Asia,2013,127445000,1210.56,457
Malaysia,Asia,2013,29468872,222.07,87
South Korea,Asia,2013,24929452,628.16,272
Taiwan,Asia,2013,23421582,262.84,108
Thailand,Asia,2013,68144501,263.88,136
Australia,Oceania,2013,23128129,384.17,127
New Zealand,Oceania,2013,4442100,31.16,19
Algeria,Africa,2013,38140132,118.17,48
Egypt,Africa,2013,88404640,195.59,77
Nigeria,Africa,2013,171765769,82.75,143
South Africa,Africa,2013,53687125,439.6,128
Iran,Asia,2013,76481943,553.84,221
Kuwait,Asia,2013,3526376,87.7,34
Saudi Arabia,Asia,2013,30052518,488.56,191
United Arab Emirates,Asia,2013,9197910,178.86,67
Belgium,Europe,2014,11209057,92.39,53
Czech Republic,Europe,2014,10525347,100.02,42
France,Europe,2014,66312067,310.74,248
Germany,Europe,2014,80982500,749.73,306
Italy,Europe,2014,60789140,328.1,147
Netherlands,Europe,2014,16865008,168.35,71
Poland,Europe,2014,38011735,291.77,95
Portugal,Europe,2014,10401062,44.18,21
Romania,Europe,2014,19908979,69.06,32
Spain,Europe,2014,46480882,235.99,115
Sweden,Europe,2014,9696110,38.86,48
United Kingdom,Europe,2014,64602298,414.54,180
Norway,Europe,2014,5137232,37.5,29
Turkey,Asia,2014,77231907,316.29,119
Kazakhstan,Asia,2014,17288285,236.33,77
Russia,Asia,2014,143819667,1584.35,707
Ukraine,Europe,2014,45272155,231.13,106
Uzbekistan,Asia,2014,30757700,105.8,43
Canada,North America,2014,35437435,574.29,281
United States,North America,2014,318301008,5193.38,2216
Argentina,South America,2014,42669500,187.36,84
Brazil,South America,2014,202763735,487.52,303
Chile,South America,2014,17758959,76.69,35
Colombia,South America,2014,46967706,78.26,39
Mexico,North America,2014,120355128,437.88,188
Venezuela,South America,2014,30045134,151.87,65
China,Asia,2014,1364270000,9091.1,2966
India,Asia,2014,1295604184,2015.31,822
Indonesia,Asia,2014,255129004,468.34,224
Japan,Asia,2014,127276000,1171.17,442
Malaysia,Asia,2014,29866559,228.9,89
South Korea,Asia,2014,25057752,624.29,277
Taiwan,Asia,2014,23491976,266.61,110
Thailand,Asia,2014,68438730,259.76,135
Australia,Oceania,2014,23475686,375.03,126
New Zealand,Oceania,2014,4516500,32.07,21
Algeria,Africa,2014,38923687,127.38,52
Egypt,Africa,2014,90424654,198.06,80
Nigeria,Africa,2014,176404902,91.34,147
South Africa,Africa,2014,54544184,452.24,136
Iran,Asia,2014,77465753,584.64,237
Kuwait,Asia,2014,3690941,83.82,32
Saudi Arabia,Asia,2014,30916994,524.27,213
United Arab Emirates,Asia,2014,9214175,178.76,74
Belgium,Europe,2015,11274196,96.99,52
Czech Republic,Europe,2015,10546059,100.9,42
France,Europe,2015,66548272,316.76,252
Germany,Europe,2015,81686611,754.54,308
Italy,Europe,2015,60730582,335.93,153
Netherlands,Europe,2015,16939923,175.5,72
Poland,Europe,2015,37986412,296,96
Portugal,Europe,2015,10358076,48.23,22
Romania,Europe,2015,19815616,69.43,32
Spain,Europe,2015,46444832,251.68,119
Sweden,Europe,2015,9799186,38.42,45
United Kingdom,Europe,2015,65116219,402.52,182
Norway,Europe,2015,5188607,37.77,29
Turkey,Asia,2015,78529409,328.99,129
Kazakhstan,Asia,2015,17542806,248.37,78
Russia,Asia,2015,144096870,1592.08,692
Ukraine,Europe,2015,45154036,191.67,93
Uzbekistan,Asia,2015,31298900,93.73,39
Canada,North America,2015,35702908,577.6,282
United States,North America,2015,320635163,5046.88,2193
Argentina,South America,2015,43131966,193.2,86
Brazil,South America,2015,204471769,463.02,297
Chile,South America,2015,17969353,81.49,36
Colombia,South America,2015,47520667,78.05,39
Mexico,North America,2015,121858258,445.43,185
Venezuela,South America,2015,30081829,140.78,60
China,Asia,2015,1371220000,9082.73,2994
India,Asia,2015,1310152403,2026.26,835
Indonesia,Asia,2015,258383256,470.35,225
Japan,Asia,2015,127141000,1135.36,434
Malaysia,Asia,2015,30270962,228.53,85
South Korea,Asia,2015,25183833,638.43,283
Taiwan,Asia,2015,23557477,267.07,109
Thailand,Asia,2015,68714511,263.78,135
Australia,Oceania,2015,23815995,381.05,127
New Zealand,Oceania,2015,4609400,31.68,21
Algeria,Africa,2015,39728025,135.38,54
Egypt,Africa,2015,92442547,205.1,79
Nigeria,Africa,2015,181137448,85.01,145
South Africa,Africa,2015,55386369,426.61,127
Iran,Asia,2015,78492215,579.02,237
Kuwait,Asia,2015,3835591,93.25,35
Saudi Arabia,Asia,2015,31717667,550.71,222
United Arab Emirates,Asia,2015,9262900,188.98,78
Belgium,Europe,2016,11331422,95.85,56
Czech Republic,Europe,2016,10566332,102.33,41
France,Europe,2016,66724104,317.77,247
Germany,Europe,2016,82348669,758.9,310
Italy,Europe,2016,60627498,333.02,151
Netherlands,Europe,2016,17030314,175.6,74
Poland,Europe,2016,37970087,306.61,100
Portugal,Europe,2016,10325452,47.59,22
Romania,Europe,2016,19702267,67.9,32
Spain,Europe,2016,46484062,242.64,120
Sweden,Europe,2016,9923085,39.8,49
United Kingdom,Europe,2016,65611593,379.8,179
Norway,Europe,2016,5234519,36.9,28
Turkey,Asia,2016,79821724,349.26,137
Kazakhstan,Asia,2016,17794055,260.85,82
Russia,Asia,2016,144342397,1571.54,714
Ukraine,Europe,2016,45004673,192.25,91
Uzbekistan,Asia,2016,31847900,82.72,34
Canada,North America,2016,36109487,567,283
United States,North America,2016,322941311,4954.17,2169
Argentina,South America,2016,43590368,193.6,86
Brazil,South America,2016,206163058,429.17,286
Chile,South America,2016,18209068,86.12,38
Colombia,South America,2016,48175048,88.2,41
Mexico,North America,2016,123333376,448.66,185
Venezuela,South America,2016,29846179,127.57,56
China,Asia,2016,1378665000,9040.24,2977
India,Asia,2016,1324509589,2050.27,853
Indonesia,Asia,2016,261554226,466.1,230
Japan,Asia,2016,126994511,1127.15,429
Malaysia,Asia,2016,30684804,227.54,88
South Korea,Asia,2016,25307744,655.9,293
Taiwan,Asia,2016,23618200,272.18,110
Thailand,Asia,2016,68971331,260.13,139
Australia,Oceania,2016,24190907,389.91,128
New Zealand,Oceania,2016,4714100,31.23,21
Algeria,Africa,2016,40551404,133.16,54
Egypt,Africa,2016,94447072,211.14,86
Nigeria,Africa,2016,185960289,87.03,150
South Africa,Africa,2016,56207649,428.39,130
Iran,Asia,2016,79564016,582.32,245
Kuwait,Asia,2016,3956875,94.76,36
Saudi Arabia,Asia,2016,32442572,546.26,210
United Arab Emirates,Asia,2016,9360980,194.59,79
Belgium,Europe,2017,11375158,95.12,55
Czech Republic,Europe,2017,10594438,103.83,43
France,Europe,2017,66864379,322.63,247
Germany,Europe,2017,82657002,745.51,311
Italy,Europe,2017,60536709,329.19,154
Netherlands,Europe,2017,17131296,173.57,74
Poland,Europe,2017,37974826,319.48,104
Portugal,Europe,2017,10300300,51.95,23
Romania,Europe,2017,19587290,71.08,33
Spain,Europe,2017,46593236,257.83,126
Sweden,Europe,2017,10057698,39.69,49
United Kingdom,Europe,2017,66058859,365.59,176
Norway,Europe,2017,5276968,36.92,29
Turkey,Asia,2017,81101892,386.58,147
Kazakhstan,Asia,2017,18037776,257.8,85
Russia,Asia,2017,144496739,1614.43,732
Ukraine,Europe,2017,44831135,176.67,89
Uzbekistan,Asia,2017,32388600,82.51,34
Canada,North America,2017,36545295,564.67,290
United States,North America,2017,324985539,4890.66,2161
Argentina,South America,2017,44044811,186.49,85
Brazil,South America,2017,207833831,437.31,291
Chile,South America,2017,18470439,86.93,38
Colombia,South America,2017,48909844,75.77,38
Mexico,North America,2017,124777324,448.09,180
Venezuela,South America,2017,29390409,113.89,50
China,Asia,2017,1386395000,9200.41,3069
India,Asia,2017,1338658835,2157.84,882
Indonesia,Asia,2017,264645886,506.61,244
Japan,Asia,2017,126785797,1111.96,434
Malaysia,Asia,2017,31105028,228.23,85
South Korea,Asia,2017,25429985,665.34,295
Taiwan,Asia,2017,23674546,284.09,110
Thailand,Asia,2017,69209858,260.19,138
Australia,Oceania,2017,24601860,392.27,127
New Zealand,Oceania,2017,4813600,32.74,21
Algeria,Africa,2017,41389198,134.65,56
Egypt,Africa,2017,96442593,217.15,93
Nigeria,Africa,2017,190873311,88.14,157
South Africa,Africa,2017,57009751,430.18,132
Iran,Asia,2017,80673951,602.1,262
Kuwait,Asia,2017,4056099,90.93,34
Saudi Arabia,Asia,2017,33099147,551.46,211
United Arab Emirates,Asia,2017,9487203,199.05,68
Belgium,Europe,2018,11427054,97.62,53
Czech Republic,Europe,2018,10629928,102.72,43
France,Europe,2018,66965912,309.11,246
Germany,Europe,2018,82905782,719.48,302
Italy,Europe,2018,60421760,323.54,151
Netherlands,Europe,2018,17231624,167.06,73
Poland,Europe,2018,37974750,322.67,106
Portugal,Europe,2018,10283822,49.54,22
Romania,Europe,2018,19472545,71.1,34
Spain,Europe,2018,46797754,254.77,126
Sweden,Europe,2018,10175214,39.46,49
United Kingdom,Europe,2018,66460344,362.09,175
Norway,Europe,2018,5311916,39.48,28
Turkey,Asia,2018,82319724,387.66,145
Kazakhstan,Asia,2018,18276452,269.43,90
Russia,Asia,2018,144477859,1725.37,766
Ukraine,Europe,2018,44622518,185.04,93
Uzbekistan,Asia,2018,32956100,87.32,36
Canada,North America,2018,37065178,572.39,298
United States,North America,2018,326687501,5041.53,2235
Argentina,South America,2018,44494502,172.96,84
Brazil,South America,2018,209469333,413.17,287
Chile,South America,2018,18729160,87.07,39
Colombia,South America,2018,49661056,77.23,39
Mexico,North America,2018,126190788,438.28,180
Venezuela,South America,2018,28870195,99.6,44
China,Asia,2018,1392730000,9463.35,3183
India,Asia,2018,1352617328,2247.62,906
Indonesia,Asia,2018,267663435,546.78,260
Japan,Asia,2018,126529100,1082.18,428
Malaysia,Asia,2018,31528585,237.38,89
South Korea,Asia,2018,25549819,674.46,301
Taiwan,Asia,2018,23726460,288.67,112
Thailand,Asia,2018,69428524,268.76,141
Australia,Oceania,2018,24982688,390.55,128
New Zealand,Oceania,2018,4900600,32.39,20
Algeria,Africa,2018,42228429,143.49,59
Egypt,Africa,2018,98423595,217.8,94
Nigeria,Africa,2018,195874740,88.35,165
South Africa,Africa,2018,57792520,442.08,133
Iran,Asia,2018,81800269,626.26,271
Kuwait,Asia,2018,4137312,91.88,34
Saudi Arabia,Asia,2018,33699947,529.77,205
United Arab Emirates,Asia,2018,9630959,199.2,68
Belgium,Europe,2019,11502704,97.99,55
Czech Republic,Europe,2019,10671870,99.71,43
France,Europe,2019,67055854,301.79,241
Germany,Europe,2019,83092962,672.99,296
Italy,Europe,2019,60302093,317.61,149
Netherlands,Europe,2019,17344874,170.45,71
Poland,Europe,2019,37965475,302.08,103
Portugal,Europe,2019,10286263,47.62,22
Romania,Europe,2019,19366221,74.78,34
Spain,Europe,2019,47133521,239.62,125
Sweden,Europe,2019,10278887,39.32,47
United Kingdom,Europe,2019,66836327,345.64,171
Norway,Europe,2019,5347896,40.02,27
Turkey,Asia,2019,83429615,376.83,147
Kazakhstan,Asia,2019,18513673,265.8,89
Russia,Asia,2019,144406261,1754.47,779
Ukraine,Europe,2019,44386203,176.61,89
Uzbekistan,Asia,2019,33580350,89.44,37
Canada,North America,2019,37593384,569.33,295
United States,North America,2019,328239523,4920.32,2213
Argentina,South America,2019,44938712,170.74,82
Brazil,South America,2019,211049527,410.04,288
Chile,South America,2019,18952038,86.43,39
Colombia,South America,2019,50339443,83.3,40
Mexico,North America,2019,127575529,433.31,178
Venezuela,South America,2019,28515829,86.56,39
China,Asia,2019,1397715000,9729.01,3284
India,Asia,2019,1366417754,2222.27,913
Indonesia,Asia,2019,270625568,580.96,269
Japan,Asia,2019,126264931,1045.02,421
Malaysia,Asia,2019,31949777,243.59,93
South Korea,Asia,2019,25666161,649.94,298
Taiwan,Asia,2019,23773876,280.31,110
Thailand,Asia,2019,69625582,271.38,142
Australia,Oceania,2019,25365745,395.44,136
New Zealand,Oceania,2019,4979300,32.77,20
Algeria,Africa,2019,43053054,146.7,62
Egypt,Africa,2019,100388073,214.82,95
Nigeria,Africa,2019,200963599,86.93,168
South Africa,Africa,2019,58558267,446.66,135
Iran,Asia,2019,82913906,637.76,258
Kuwait,Asia,2019,4207083,94.42,36
Saudi Arabia,Asia,2019,34268528,534.33,207
United Arab Emirates,Asia,2019,9770529,199.27,69
